agency	year
Alexandria City Public Schools	2012
Alexandria City Public Schools	2013
Alexandria City Public Schools	2014
Alleghany-Covington Department of Social Services	2014
Auditor of Public Accounts	2001
Auditor of Public Accounts	2002
Auditor of Public Accounts	2005
Auditor of Public Accounts	2006
Auditor of Public Accounts	2007
Auditor of Public Accounts	2008
Auditor of Public Accounts	2009
Auditor of Public Accounts	2010
Auditor of Public Accounts	2011
Auditor of Public Accounts	2012
Auditor of Public Accounts	2013
Auditor of Public Accounts	2014
Auditor of Public Accounts	2015
Augusta Correctional Center	2002
Augusta Correctional Center	2005
Augusta Correctional Center	2006
Augusta Correctional Center	2007
Augusta Correctional Center	2008
Augusta Correctional Center	2009
Augusta Correctional Center	2010
Augusta Correctional Center	2011
Augusta Correctional Center	2012
Augusta Correctional Center	2013
Augusta Correctional Center	2014
Augusta Correctional Center	2015
Augusta County Government	2008
Augusta County Government	2009
Augusta County Government	2010
Augusta County Government	2011
Augusta County Government	2012
Augusta County Government	2013
Augusta County Government	2014
Augusta County Government	2015
Augusta County Public Schools	2008
Augusta County Public Schools	2009
Augusta County Public Schools	2010
Augusta County Public Schools	2011
Augusta County Public Schools	2012
Augusta County Public Schools	2013
Bland Correctional Center	2001
Bland Correctional Center	2002
Bland Correctional Center	2004
Bland Correctional Center	2005
Bland Correctional Center	2006
Bland Correctional Center	2007
Bland Correctional Center	2008
Bland Correctional Center	2009
Bland Correctional Center	2010
Bland Correctional Center	2011
Bland Correctional Center	2012
Bland Correctional Center	2013
Bland Correctional Center	2014
Bland Correctional Center	2015
Blue Ridge Community College	2001
Blue Ridge Community College	2002
Blue Ridge Community College	2003
Blue Ridge Community College	2004
Blue Ridge Community College	2005
Blue Ridge Community College	2006
Blue Ridge Community College	2007
Blue Ridge Community College	2008
Blue Ridge Community College	2009
Blue Ridge Community College	2010
Blue Ridge Community College	2011
Blue Ridge Community College	2012
Blue Ridge Community College	2013
Blue Ridge Community College	2014
Blue Ridge Community College	2015
Board of Accountancy	2005
Board of Accountancy	2006
Board of Accountancy	2007
Board of Accountancy	2008
Board of Accountancy	2009
Board of Accountancy	2010
Board of Accountancy	2011
Board of Accountancy	2012
Board of Accountancy	2013
Board of Accountancy	2014
Board of Accountancy	2015
Brunswick Correctional Center	2001
Brunswick Correctional Center	2002
Brunswick Correctional Center	2003
Brunswick Correctional Center	2004
Brunswick Correctional Center	2005
Brunswick Correctional Center	2006
Brunswick Correctional Center	2007
Brunswick Correctional Center	2008
Brunswick Correctional Center	2009
Brunswick Correctional Center	2010
Board of Towing and Recovery Operators	2009
Board of Towing and Recovery Operators	2010
Board of Towing and Recovery Operators	2011
Board of Towing and Recovery Operators	2012
Buckingham Correctional Center	2002
Buckingham Correctional Center	2003
Buckingham Correctional Center	2004
Buckingham Correctional Center	2005
Buckingham Correctional Center	2006
Buckingham Correctional Center	2007
Buckingham Correctional Center	2008
Buckingham Correctional Center	2009
Buckingham Correctional Center	2010
Buckingham Correctional Center	2011
Buckingham Correctional Center	2012
Buckingham Correctional Center	2013
Buckingham Correctional Center	2014
Buckingham Correctional Center	2015
Buckingham Schools	2005
Buckingham Schools	2006
Buckingham Schools	2015
Capital Region Airport Commission	2010
Capital Region Airport Commission	2011
Capital Region Airport Commission	2012
Capital Region Airport Commission	2013
Capital Region Airport Commission	2014
Capital Region Airport Commission	2015
Caroline County Schools	2013
Caroline County Schools	2014
Catawba Hospital	2001
Catawba Hospital	2002
Catawba Hospital	2005
Catawba Hospital	2006
Catawba Hospital	2007
Catawba Hospital	2008
Catawba Hospital	2009
Catawba Hospital	2010
Catawba Hospital	2011
Catawba Hospital	2012
Catawba Hospital	2013
Catawba Hospital	2014
Catawba Hospital	2015
Central Virginia Community College	2001
Central Virginia Community College	2002
Central Virginia Community College	2005
Central Virginia Community College	2006
Central Virginia Community College	2007
Central Virginia Community College	2008
Central Virginia Community College	2009
Central Virginia Community College	2010
Central Virginia Community College	2011
Central Virginia Community College	2012
Central Virginia Community College	2013
Central Virginia Community College	2014
Central Virginia Community College	2015
Charlottesville City	2006
Charlottesville City	2007
Charlottesville City	2008
Charlottesville City	2009
Charlottesville City	2010
Charlottesville City	2011
Charlottesville City	2012
Charlottesville City	2013
Charlottesville City	2014
Charlottesville City	2015
Central Virginia Training Center	2001
Central Virginia Training Center	2002
Central Virginia Training Center	2004
Central Virginia Training Center	2005
Central Virginia Training Center	2006
Central Virginia Training Center	2007
Central Virginia Training Center	2008
Central Virginia Training Center	2009
Central Virginia Training Center	2010
Central Virginia Training Center	2011
Central Virginia Training Center	2012
Central Virginia Training Center	2013
Central Virginia Training Center	2014
Central Virginia Training Center	2015
Chesapeake Bay Local Assistance	2001
Chesapeake Bay Local Assistance	2002
City of Falls Church	2006
City of Falls Church	2011
Christopher Newport University	2001
Christopher Newport University	2002
Christopher Newport University	2005
Christopher Newport University	2006
Christopher Newport University	2007
Christopher Newport University	2008
Christopher Newport University	2009
Christopher Newport University	2010
Christopher Newport University	2011
Christopher Newport University	2012
Christopher Newport University	2013
Christopher Newport University	2014
Christopher Newport University	2015
City of Fredericksburg	2007
City of Fredericksburg	2008
City of Fredericksburg	2009
City of Fredericksburg	2010
City of Fredericksburg	2011
City of Fredericksburg	2012
City of Fredericksburg	2013
City of Fredericksburg	2014
City of Fredericksburg	2015
City of Lexington	2008
City of Lexington	2009
City of Lexington	2010
City of Lexington	2011
City of Lexington	2012
City of Lexington	2013
City of Lexington	2014
City of Lexington	2015
City of Harrisonburg	2014
City of Harrisonburg	2015
City of Lynchburg	2005
City of Lynchburg	2006
City of Lynchburg	2007
City of Lynchburg	2008
City of Lynchburg	2009
City of Lynchburg	2010
City of Lynchburg	2011
City of Lynchburg	2012
City of Lynchburg	2013
City of Lynchburg	2014
City of Lynchburg	2015
City of Newport News	2014
City of Newport News	2015
City of Norfolk	2010
City of Norfolk	2011
City of Norfolk	2012
City of Norfolk	2013
City of Norfolk	2014
City of Norfolk	2015
City of Radford	2008
City of Radford	2010
City of Radford	2011
City of Radford	2012
City of Radford	2013
City of Radford	2014
City of Radford	2015
City of Richmond Government	2005
City of Richmond Government	2006
City of Richmond Government	2008
City of Richmond Government	2009
City of Richmond Government	2010
City of Richmond Government	2011
City of Richmond Government	2012
City of Richmond Government	2013
City of Richmond Government	2014
City of Richmond Government	2015
City of Richmond Schools	2007
City of Richmond Schools	2008
City of Richmond Schools	2011
City of Richmond Schools	2012
City of Richmond Schools	2014
City of Richmond Schools	2015
City of Staunton	2009
City of Staunton	2010
City of Staunton	2011
City of Staunton	2012
City of Staunton	2013
City of Staunton	2014
City of Suffolk	2014
City of Suffolk	2015
City of Waynesboro	2008
City of Waynesboro	2009
City of Waynesboro	2010
City of Waynesboro	2011
City of Waynesboro	2012
City of Waynesboro	2013
City of Waynesboro	2014
City of Waynesboro	2015
City of Williamsburg	2005
City of Williamsburg	2006
City of Williamsburg	2007
City of Williamsburg	2008
City of Williamsburg	2009
City of Williamsburg	2010
City of Williamsburg	2011
City of Williamsburg	2012
City of Williamsburg	2013
City of Williamsburg	2014
City of Williamsburg	2015
Coffeewood Correctional Center	2002
Coffeewood Correctional Center	2005
Coffeewood Correctional Center	2006
Coffeewood Correctional Center	2007
Coffeewood Correctional Center	2008
Coffeewood Correctional Center	2009
Coffeewood Correctional Center	2010
Coffeewood Correctional Center	2011
Coffeewood Correctional Center	2012
Coffeewood Correctional Center	2013
Coffeewood Correctional Center	2014
Coffeewood Correctional Center	2015
College of William and Mary	2001
College of William and Mary	2002
College of William and Mary	2004
College of William and Mary	2005
College of William and Mary	2006
College of William and Mary	2007
College of William and Mary	2008
College of William and Mary	2009
College of William and Mary	2010
College of William and Mary	2011
College of William and Mary	2012
College of William and Mary	2013
College of William and Mary	2014
College of William and Mary	2015
Commission for the Arts	2005
Commission for the Arts	2006
Commission for the Arts	2007
Commission for the Arts	2008
Commission for the Arts	2009
Commission for the Arts	2010
Commission for the Arts	2011
Commission for the Arts	2012
Commission for the Arts	2013
Commission for the Arts	2014
Commission for the Arts	2015
Commission on Local Government	2002
Commission on VASAP	2013
Commission on VASAP	2014
Commission on VASAP	2015
Commonwealth's Attorneys' Services Council	2005
Commonwealth's Attorneys' Services Council	2006
Commonwealth's Attorneys' Services Council	2007
Commonwealth's Attorneys' Services Council	2008
Commonwealth's Attorneys' Services Council	2009
Commonwealth's Attorneys' Services Council	2010
Commonwealth's Attorneys' Services Council	2011
Commonwealth's Attorneys' Services Council	2012
Commonwealth's Attorneys' Services Council	2013
Commonwealth's Attorneys' Services Council	2014
Commonwealth's Attorneys' Services Council	2015
Comprehensive Services for At-Risk Youth and Families	2013
Comprehensive Services for At-Risk Youth and Families	2014
Comprehensive Services for At-Risk Youth and Families	2015
Correctional Enterprises	2004
Correctional Enterprises	2005
Correctional Enterprises	2006
Correctional Enterprises	2007
Correctional Enterprises	2008
Correctional Enterprises	2009
Correctional Enterprises	2010
Correctional Enterprises	2011
Correctional Enterprises	2012
Correctional Enterprises	2013
Correctional Enterprises	2014
Correctional Enterprises	2015
County of Isle of Wight	2015
Council on Human Rights	2005
Council on Human Rights	2006
Council on Human Rights	2007
Council on Human Rights	2008
Council on Human Rights	2009
Council on Human Rights	2010
Council on Human Rights	2011
Council on Human Rights	2012
County of Fairfax	2005
County of Fairfax	2006
County of Fairfax	2007
County of Fairfax	2008
County of Fairfax	2009
County of Fairfax	2010
County of Fairfax	2011
County of Fairfax	2012
County of Fairfax	2013
County of Fairfax	2014
County of Fairfax	2015
Culpeper Correctional Facility for Women	2014
Culpeper Correctional Facility for Women	2015
Cumberland County	2006
Cumberland County	2007
Cumberland County	2008
Cumberland County	2009
Cumberland County	2010
Cumberland County	2011
Cumberland County	2012
Cumberland County	2013
Cumberland County	2014
Danville Community College	2001
Danville Community College	2002
Danville Community College	2003
Danville Community College	2004
Danville Community College	2005
Danville Community College	2006
Danville Community College	2007
Danville Community College	2008
Danville Community College	2009
Danville Community College	2010
Danville Community College	2011
Danville Community College	2012
Danville Community College	2013
Danville Community College	2014
Danville Community College	2015
Dabney S. Lancaster Community College	2001
Dabney S. Lancaster Community College	2002
Dabney S. Lancaster Community College	2005
Dabney S. Lancaster Community College	2006
Dabney S. Lancaster Community College	2007
Dabney S. Lancaster Community College	2008
Dabney S. Lancaster Community College	2009
Dabney S. Lancaster Community College	2010
Dabney S. Lancaster Community College	2011
Dabney S. Lancaster Community College	2012
Dabney S. Lancaster Community College	2013
Dabney S. Lancaster Community College	2014
Dabney S. Lancaster Community College	2015
Deep Meadow Correctional Center	2001
Deep Meadow Correctional Center	2002
Deep Meadow Correctional Center	2005
Deep Meadow Correctional Center	2006
Deep Meadow Correctional Center	2007
Deep Meadow Correctional Center	2008
Deep Meadow Correctional Center	2009
Deep Meadow Correctional Center	2010
Deep Meadow Correctional Center	2011
Deep Meadow Correctional Center	2012
Deep Meadow Correctional Center	2013
Deep Meadow Correctional Center	2014
Deep Meadow Correctional Center	2015
Deerfield Correctional Center	2001
Deerfield Correctional Center	2002
Deerfield Correctional Center	2005
Deerfield Correctional Center	2006
Deerfield Correctional Center	2007
Deerfield Correctional Center	2008
Deerfield Correctional Center	2009
Deerfield Correctional Center	2010
Deerfield Correctional Center	2011
Deerfield Correctional Center	2012
Deerfield Correctional Center	2013
Deerfield Correctional Center	2014
Deerfield Correctional Center	2015
Department of Accounts	2001
Department of Accounts	2002
Department of Accounts	2005
Department of Accounts	2006
Department of Accounts	2007
Department of Accounts	2008
Department of Accounts	2009
Department of Accounts	2010
Department of Accounts	2011
Department of Accounts	2012
Department of Accounts	2013
Department of Accounts	2014
Department of Accounts	2015
Department for Aging and Rehabilitative Services	2001
Department for Aging and Rehabilitative Services	2002
Department for Aging and Rehabilitative Services	2004
Department for Aging and Rehabilitative Services	2005
Department for Aging and Rehabilitative Services	2006
Department for Aging and Rehabilitative Services	2007
Department for Aging and Rehabilitative Services	2008
Department for Aging and Rehabilitative Services	2009
Department for Aging and Rehabilitative Services	2010
Department for Aging and Rehabilitative Services	2011
Department for Aging and Rehabilitative Services	2012
Department for Aging and Rehabilitative Services	2013
Department for Aging and Rehabilitative Services	2014
Department for Aging and Rehabilitative Services	2015
Department of Alcoholic Beverage Control	2002
Department of Alcoholic Beverage Control	2004
Department of Alcoholic Beverage Control	2005
Department of Alcoholic Beverage Control	2006
Department of Alcoholic Beverage Control	2007
Department of Alcoholic Beverage Control	2008
Department of Alcoholic Beverage Control	2009
Department of Alcoholic Beverage Control	2010
Department of Alcoholic Beverage Control	2011
Department of Alcoholic Beverage Control	2012
Department of Alcoholic Beverage Control	2013
Department of Alcoholic Beverage Control	2014
Department of Alcoholic Beverage Control	2015
Department of Aviation	2001
Department of Aviation	2002
Department of Aviation	2005
Department of Aviation	2006
Department of Aviation	2007
Department of Aviation	2008
Department of Aviation	2009
Department of Aviation	2010
Department of Aviation	2011
Department of Aviation	2012
Department of Aviation	2013
Department of Aviation	2014
Department of Aviation	2015
Department of Blind and Vision Impaired	2001
Department of Blind and Vision Impaired	2002
Department of Blind and Vision Impaired	2005
Department of Blind and Vision Impaired	2006
Department of Blind and Vision Impaired	2007
Department of Blind and Vision Impaired	2008
Department of Blind and Vision Impaired	2009
Department of Blind and Vision Impaired	2010
Department of Blind and Vision Impaired	2011
Department of Blind and Vision Impaired	2012
Department of Blind and Vision Impaired	2013
Department of Blind and Vision Impaired	2014
Department of Blind and Vision Impaired	2015
Department of Behavioral Health and Developmental Services	2001
Department of Behavioral Health and Developmental Services	2002
Department of Behavioral Health and Developmental Services	2005
Department of Behavioral Health and Developmental Services	2006
Department of Behavioral Health and Developmental Services	2007
Department of Behavioral Health and Developmental Services	2008
Department of Behavioral Health and Developmental Services	2009
Department of Behavioral Health and Developmental Services	2010
Department of Behavioral Health and Developmental Services	2011
Department of Behavioral Health and Developmental Services	2012
Department of Behavioral Health and Developmental Services	2013
Department of Behavioral Health and Developmental Services	2014
Department of Behavioral Health and Developmental Services	2015
Department of Charitable Gaming	2005
Department of Charitable Gaming	2006
Department of Charitable Gaming	2007
Department of Charitable Gaming	2008
Department of Business Assistance	2001
Department of Business Assistance	2002
Department of Business Assistance	2004
Department of Business Assistance	2005
Department of Business Assistance	2006
Department of Business Assistance	2007
Department of Business Assistance	2008
Department of Business Assistance	2009
Department of Business Assistance	2010
Department of Business Assistance	2011
Department of Business Assistance	2012
Department of Business Assistance	2013
Department of Business Assistance	2014
Department of Conservation and Recreation	2001
Department of Conservation and Recreation	2002
Department of Conservation and Recreation	2003
Department of Conservation and Recreation	2004
Department of Conservation and Recreation	2005
Department of Conservation and Recreation	2006
Department of Conservation and Recreation	2007
Department of Conservation and Recreation	2008
Department of Conservation and Recreation	2009
Department of Conservation and Recreation	2010
Department of Conservation and Recreation	2011
Department of Conservation and Recreation	2012
Department of Conservation and Recreation	2013
Department of Conservation and Recreation	2014
Department of Conservation and Recreation	2015
Department of Correctional Education	2001
Department of Correctional Education	2002
Department of Correctional Education	2004
Department of Correctional Education	2005
Department of Correctional Education	2006
Department of Correctional Education	2007
Department of Correctional Education	2008
Department of Correctional Education	2009
Department of Correctional Education	2010
Department of Correctional Education	2011
Department of Correctional Education	2012
Department of Corrections	2001
Department of Corrections	2002
Department of Corrections	2003
Department of Corrections	2004
Department of Corrections	2005
Department of Corrections	2006
Department of Corrections	2007
Department of Corrections	2008
Department of Corrections	2009
Department of Corrections	2010
Department of Corrections	2011
Department of Corrections	2012
Department of Corrections	2013
Department of Corrections	2014
Department of Corrections	2015
Department of Corrections - Academy	2002
Department of Corrections - Academy	2003
Department of Corrections - Academy	2005
Department of Corrections - Academy	2006
Department of Corrections - Academy	2007
Department of Corrections - Academy	2008
Department of Corrections - Academy	2009
Department of Corrections - Academy	2010
Department of Corrections - Academy	2011
Department of Corrections - Academy	2012
Department of Corrections - Academy	2013
Department of Corrections - Academy	2014
Department of Corrections - Academy	2015
Department of Criminal Justice Services	2001
Department of Criminal Justice Services	2002
Department of Criminal Justice Services	2004
Department of Criminal Justice Services	2005
Department of Criminal Justice Services	2006
Department of Criminal Justice Services	2007
Department of Criminal Justice Services	2008
Department of Criminal Justice Services	2009
Department of Criminal Justice Services	2010
Department of Criminal Justice Services	2011
Department of Criminal Justice Services	2012
Department of Criminal Justice Services	2013
Department of Criminal Justice Services	2014
Department of Criminal Justice Services	2015
Department of Elections	2002
Department of Elections	2005
Department of Elections	2006
Department of Elections	2007
Department of Elections	2008
Department of Elections	2009
Department of Elections	2010
Department of Elections	2011
Department of Elections	2012
Department of Elections	2013
Department of Elections	2014
Department of Elections	2015
Department of Education	2001
Department of Education	2002
Department of Education	2004
Department of Education	2005
Department of Education	2006
Department of Education	2007
Department of Education	2008
Department of Education	2009
Department of Education	2010
Department of Education	2011
Department of Education	2012
Department of Education	2013
Department of Education	2014
Department of Education	2015
Department of Environmental Quality	2001
Department of Environmental Quality	2002
Department of Environmental Quality	2003
Department of Environmental Quality	2004
Department of Environmental Quality	2005
Department of Environmental Quality	2006
Department of Environmental Quality	2007
Department of Environmental Quality	2008
Department of Environmental Quality	2009
Department of Environmental Quality	2010
Department of Environmental Quality	2011
Department of Environmental Quality	2012
Department of Environmental Quality	2013
Department of Environmental Quality	2014
Department of Environmental Quality	2015
Department of Fire Programs	2001
Department of Fire Programs	2002
Department of Fire Programs	2005
Department of Fire Programs	2006
Department of Fire Programs	2007
Department of Fire Programs	2008
Department of Fire Programs	2009
Department of Fire Programs	2010
Department of Fire Programs	2011
Department of Fire Programs	2012
Department of Fire Programs	2013
Department of Fire Programs	2014
Department of Fire Programs	2015
Department of Forensic Science	2006
Department of Forensic Science	2007
Department of Forensic Science	2008
Department of Forensic Science	2009
Department of Forensic Science	2010
Department of Forensic Science	2011
Department of Forensic Science	2012
Department of Forensic Science	2013
Department of Forensic Science	2014
Department of Forensic Science	2015
Department of Forestry	2001
Department of Forestry	2002
Department of Forestry	2003
Department of Forestry	2005
Department of Forestry	2006
Department of Forestry	2007
Department of Forestry	2008
Department of Forestry	2009
Department of Forestry	2010
Department of Forestry	2011
Department of Forestry	2012
Department of Forestry	2013
Department of Forestry	2014
Department of Forestry	2015
Department of Game and Inland Fisheries	2002
Department of Game and Inland Fisheries	2005
Department of Game and Inland Fisheries	2006
Department of Game and Inland Fisheries	2007
Department of Game and Inland Fisheries	2008
Department of Game and Inland Fisheries	2009
Department of Game and Inland Fisheries	2010
Department of Game and Inland Fisheries	2011
Department of Game and Inland Fisheries	2012
Department of Game and Inland Fisheries	2013
Department of Game and Inland Fisheries	2014
Department of Game and Inland Fisheries	2015
Department of General Services	2001
Department of General Services	2002
Department of General Services	2003
Department of General Services	2004
Department of General Services	2005
Department of General Services	2006
Department of General Services	2007
Department of General Services	2008
Department of General Services	2009
Department of General Services	2010
Department of General Services	2011
Department of General Services	2012
Department of General Services	2013
Department of General Services	2014
Department of General Services	2015
Department of Health Professions	2002
Department of Health Professions	2005
Department of Health Professions	2006
Department of Health Professions	2007
Department of Health Professions	2008
Department of Health Professions	2009
Department of Health Professions	2010
Department of Health Professions	2011
Department of Health Professions	2012
Department of Health Professions	2013
Department of Health Professions	2014
Department of Health Professions	2015
Department of Historic Resources	2002
Department of Historic Resources	2004
Department of Historic Resources	2005
Department of Historic Resources	2006
Department of Historic Resources	2007
Department of Historic Resources	2008
Department of Historic Resources	2009
Department of Historic Resources	2010
Department of Historic Resources	2011
Department of Historic Resources	2012
Department of Historic Resources	2013
Department of Historic Resources	2014
Department of Historic Resources	2015
Department of Housing and Community Development	2001
Department of Housing and Community Development	2002
Department of Housing and Community Development	2005
Department of Housing and Community Development	2006
Department of Housing and Community Development	2007
Department of Housing and Community Development	2008
Department of Housing and Community Development	2009
Department of Housing and Community Development	2010
Department of Housing and Community Development	2011
Department of Housing and Community Development	2012
Department of Housing and Community Development	2013
Department of Housing and Community Development	2014
Department of Housing and Community Development	2015
Department of Information Technololgy	2001
Department of Information Technololgy	2002
Department of Juvenile Justice	2001
Department of Juvenile Justice	2002
Department of Juvenile Justice	2004
Department of Juvenile Justice	2005
Department of Juvenile Justice	2006
Department of Juvenile Justice	2007
Department of Juvenile Justice	2008
Department of Juvenile Justice	2009
Department of Juvenile Justice	2010
Department of Juvenile Justice	2011
Department of Juvenile Justice	2012
Department of Juvenile Justice	2013
Department of Juvenile Justice	2014
Department of Juvenile Justice	2015
Department of Human Resource Management	2002
Department of Human Resource Management	2005
Department of Human Resource Management	2006
Department of Human Resource Management	2007
Department of Human Resource Management	2008
Department of Human Resource Management	2009
Department of Human Resource Management	2010
Department of Human Resource Management	2011
Department of Human Resource Management	2012
Department of Human Resource Management	2013
Department of Human Resource Management	2014
Department of Human Resource Management	2015
Department of Labor and Industry	2001
Department of Labor and Industry	2002
Department of Labor and Industry	2005
Department of Labor and Industry	2006
Department of Labor and Industry	2007
Department of Labor and Industry	2008
Department of Labor and Industry	2009
Department of Labor and Industry	2010
Department of Labor and Industry	2011
Department of Labor and Industry	2012
Department of Labor and Industry	2013
Department of Labor and Industry	2014
Department of Labor and Industry	2015
Department of Medical Assistance Services	2001
Department of Medical Assistance Services	2002
Department of Medical Assistance Services	2005
Department of Medical Assistance Services	2006
Department of Medical Assistance Services	2007
Department of Medical Assistance Services	2008
Department of Medical Assistance Services	2009
Department of Medical Assistance Services	2010
Department of Medical Assistance Services	2011
Department of Medical Assistance Services	2012
Department of Medical Assistance Services	2013
Department of Medical Assistance Services	2014
Department of Medical Assistance Services	2015
Department of Military Affairs	2002
Department of Military Affairs	2004
Department of Military Affairs	2005
Department of Military Affairs	2006
Department of Military Affairs	2007
Department of Military Affairs	2008
Department of Military Affairs	2009
Department of Military Affairs	2010
Department of Military Affairs	2011
Department of Military Affairs	2012
Department of Military Affairs	2013
Department of Military Affairs	2014
Department of Military Affairs	2015
Department of Minority Business Enterprise	2002
Department of Minority Business Enterprise	2005
Department of Minority Business Enterprise	2006
Department of Minority Business Enterprise	2007
Department of Minority Business Enterprise	2008
Department of Minority Business Enterprise	2009
Department of Minority Business Enterprise	2010
Department of Minority Business Enterprise	2011
Department of Minority Business Enterprise	2012
Department of Minority Business Enterprise	2013
Department of Minority Business Enterprise	2014
Department of Mines Minerals and Energy	2001
Department of Mines Minerals and Energy	2002
Department of Mines Minerals and Energy	2004
Department of Mines Minerals and Energy	2005
Department of Mines Minerals and Energy	2006
Department of Mines Minerals and Energy	2007
Department of Mines Minerals and Energy	2008
Department of Mines Minerals and Energy	2009
Department of Mines Minerals and Energy	2010
Department of Mines Minerals and Energy	2011
Department of Mines Minerals and Energy	2012
Department of Mines Minerals and Energy	2013
Department of Mines Minerals and Energy	2014
Department of Mines Minerals and Energy	2015
Department of Planning and Budget	2001
Department of Planning and Budget	2002
Department of Planning and Budget	2005
Department of Planning and Budget	2006
Department of Planning and Budget	2007
Department of Planning and Budget	2008
Department of Planning and Budget	2009
Department of Planning and Budget	2010
Department of Planning and Budget	2011
Department of Planning and Budget	2012
Department of Planning and Budget	2013
Department of Planning and Budget	2014
Department of Planning and Budget	2015
Department of Motor Vehicles	2001
Department of Motor Vehicles	2002
Department of Motor Vehicles	2004
Department of Motor Vehicles	2005
Department of Motor Vehicles	2006
Department of Motor Vehicles	2007
Department of Motor Vehicles	2008
Department of Motor Vehicles	2009
Department of Motor Vehicles	2010
Department of Motor Vehicles	2011
Department of Motor Vehicles	2012
Department of Motor Vehicles	2013
Department of Motor Vehicles	2014
Department of Motor Vehicles	2015
Department of Rail and Public Transportation	2002
Department of Rail and Public Transportation	2005
Department of Rail and Public Transportation	2006
Department of Rail and Public Transportation	2007
Department of Rail and Public Transportation	2008
Department of Rail and Public Transportation	2009
Department of Rail and Public Transportation	2010
Department of Rail and Public Transportation	2011
Department of Rail and Public Transportation	2012
Department of Rail and Public Transportation	2013
Department of Rail and Public Transportation	2014
Department of Rail and Public Transportation	2015
Department of Small Business and Supplier Diversity	2014
Department of Small Business and Supplier Diversity	2015
Department of Social Services	2001
Department of Social Services	2002
Department of Social Services	2005
Department of Social Services	2006
Department of Social Services	2007
Department of Social Services	2008
Department of Social Services	2009
Department of Social Services	2010
Department of Social Services	2011
Department of Social Services	2012
Department of Social Services	2013
Department of Social Services	2014
Department of Social Services	2015
Department of Treasury	2001
Department of Treasury	2002
Department of Treasury	2005
Department of Treasury	2006
Department of Treasury	2007
Department of Treasury	2008
Department of Treasury	2009
Department of Treasury	2010
Department of Treasury	2011
Department of Treasury	2012
Department of Treasury	2013
Department of Treasury	2014
Department of Treasury	2015
Department of Taxation	2001
Department of Taxation	2002
Department of Taxation	2005
Department of Taxation	2006
Department of Taxation	2007
Department of Taxation	2008
Department of Taxation	2009
Department of Taxation	2010
Department of Taxation	2011
Department of Taxation	2012
Department of Taxation	2013
Department of Taxation	2014
Department of Taxation	2015
Department of Veteran's Affairs	2001
Department of Veteran's Affairs	2002
Dept for Rights of Virginians With Disabilities	2001
Dept for Rights of Virginians With Disabilities	2002
Dept of Professional and Occupational Regulation	2001
Dept of Professional and Occupational Regulation	2002
Dept of Professional and Occupational Regulation	2003
Dept of Professional and Occupational Regulation	2005
Dept of Professional and Occupational Regulation	2006
Dept of Professional and Occupational Regulation	2007
Dept of Professional and Occupational Regulation	2008
Dept of Professional and Occupational Regulation	2009
Dept of Professional and Occupational Regulation	2010
Dept of Professional and Occupational Regulation	2011
Dept of Professional and Occupational Regulation	2012
Dept of Professional and Occupational Regulation	2013
Dept of Professional and Occupational Regulation	2014
Dept of Professional and Occupational Regulation	2015
Dillwyn Correctional Center	2002
Dillwyn Correctional Center	2003
Dillwyn Correctional Center	2004
Dillwyn Correctional Center	2005
Dillwyn Correctional Center	2006
Dillwyn Correctional Center	2007
Dillwyn Correctional Center	2008
Dillwyn Correctional Center	2009
Dillwyn Correctional Center	2010
Dillwyn Correctional Center	2011
Dillwyn Correctional Center	2012
Dillwyn Correctional Center	2013
Dillwyn Correctional Center	2014
Dillwyn Correctional Center	2015
Division of Capitol Police	2011
Division of Capitol Police	2013
Division of Capitol Police	2014
Division of Capitol Police	2015
Dinwiddie County	2005
Dinwiddie County	2006
Dinwiddie County	2007
Dinwiddie County	2011
Dinwiddie County	2012
Dinwiddie County	2013
Dinwiddie County	2014
DOC - Division of Institutions	2002
DOC - Division of Institutions	2010
DOC - Division of Institutions	2011
DOC - Division of Institutions	2012
DOC - Division of Institutions	2013
DOC - Division of Institutions	2014
DOC - Division of Institutions	2015
Eastern Shore Community College	2002
Eastern Shore Community College	2005
Eastern Shore Community College	2006
Eastern Shore Community College	2007
Eastern Shore Community College	2008
Eastern Shore Community College	2009
Eastern Shore Community College	2010
Eastern Shore Community College	2011
Eastern Shore Community College	2012
Eastern Shore Community College	2013
Eastern Shore Community College	2014
Eastern Shore Community College	2015
Employment Dispute Resolution	2001
Employment Dispute Resolution	2002
Employment Dispute Resolution	2005
Employment Dispute Resolution	2006
Employment Dispute Resolution	2007
Employment Dispute Resolution	2008
Employment Dispute Resolution	2009
Employment Dispute Resolution	2010
Employment Dispute Resolution	2011
Employment Dispute Resolution	2012
Eastern State Hospital	2001
Eastern State Hospital	2002
Eastern State Hospital	2004
Eastern State Hospital	2005
Eastern State Hospital	2006
Eastern State Hospital	2007
Eastern State Hospital	2008
Eastern State Hospital	2009
Eastern State Hospital	2010
Eastern State Hospital	2011
Eastern State Hospital	2012
Eastern State Hospital	2013
Eastern State Hospital	2014
Eastern State Hospital	2015
eVA Administration	2014
eVA Statewide by Deptof General Services	2002
eVA Statewide by Deptof General Services	2005
eVA Statewide by Deptof General Services	2006
eVA Statewide by Deptof General Services	2007
eVA Statewide by Deptof General Services	2008
eVA Statewide by Deptof General Services	2009
eVA Statewide by Deptof General Services	2010
eVA Statewide by Deptof General Services	2011
eVA Statewide by Deptof General Services	2012
eVA Statewide by Deptof General Services	2013
eVA Statewide by Deptof General Services	2014
eVA Statewide by Deptof General Services	2015
Fairfax County Schools	2005
Fairfax County Schools	2006
Fairfax County Schools	2007
Fairfax County Schools	2009
Fairfax County Schools	2010
Fairfax County Schools	2011
Fairfax County Schools	2012
Fairfax County Schools	2013
Fairfax County Schools	2014
Fairfax County Schools	2015
Fluvanna Correctional Center	2002
Fluvanna Correctional Center	2004
Fluvanna Correctional Center	2005
Fluvanna Correctional Center	2006
Fluvanna Correctional Center	2007
Fluvanna Correctional Center	2008
Fluvanna Correctional Center	2009
Fluvanna Correctional Center	2010
Fluvanna Correctional Center	2011
Fluvanna Correctional Center	2012
Fluvanna Correctional Center	2013
Fluvanna Correctional Center	2014
Fluvanna Correctional Center	2015
Fauquier County	2015
Fort Monroe Authority	2009
Fort Monroe Authority	2010
Fort Monroe Authority	2011
Fort Monroe Authority	2012
Fort Monroe Authority	2013
Fort Monroe Authority	2015
Franklin County	2008
Franklin County	2009
Franklin County	2010
Franklin County	2011
Franklin County	2012
Franklin County	2013
Franklin County	2014
Franklin County	2015
Frederick County	2008
Frederick County	2009
Frederick County	2010
Frederick County	2011
Frederick County	2012
Frederick County	2013
Frederick County	2014
Frederick County	2015
Frederick County Public Schools	2005
Frederick County Public Schools	2006
Frederick County Public Schools	2007
Frederick County Public Schools	2009
Frederick County Public Schools	2010
Frederick County Public Schools	2011
Frederick County Public Schools	2012
Frederick County Public Schools	2013
Frederick County Sanitation Authority	2007
Frederick County Sanitation Authority	2008
Frontier Culture Museum	2002
Frontier Culture Museum	2005
Frontier Culture Museum	2006
Frontier Culture Museum	2007
Frontier Culture Museum	2008
Frontier Culture Museum	2009
Frontier Culture Museum	2010
Frontier Culture Museum	2011
Frontier Culture Museum	2012
Frontier Culture Museum	2013
Frontier Culture Museum	2014
Frontier Culture Museum	2015
Fredericksburg City Schools	2008
Fredericksburg City Schools	2009
Fredericksburg City Schools	2010
Fredericksburg City Schools	2011
Fredericksburg City Schools	2012
Fredericksburg City Schools	2013
George Mason University	2001
George Mason University	2002
George Mason University	2005
George Mason University	2006
George Mason University	2007
George Mason University	2008
George Mason University	2009
George Mason University	2010
George Mason University	2011
George Mason University	2012
George Mason University	2013
George Mason University	2014
George Mason University	2015
Germanna Community College	2001
Germanna Community College	2002
Germanna Community College	2004
Germanna Community College	2005
Germanna Community College	2006
Germanna Community College	2007
Germanna Community College	2008
Germanna Community College	2009
Germanna Community College	2010
Germanna Community College	2011
Germanna Community College	2012
Germanna Community College	2013
Germanna Community College	2014
Germanna Community College	2015
Gloucester County	2005
Gloucester County	2006
Gloucester County	2007
Gloucester County	2008
Gloucester County	2009
Gloucester County	2010
Gloucester County	2011
Gloucester County	2012
Gloucester County	2013
Gloucester County	2014
Gloucester County	2015
Goochland County Government	2007
Goochland County Government	2008
Goochland County Government	2009
Goochland County Government	2010
Goochland County Government	2011
Goochland County Government	2012
Goochland County Government	2013
Goochland County Government	2014
Goochland County Government	2015
Greater Richmond Transit Company	2009
Greater Richmond Transit Company	2010
Greater Richmond Transit Company	2011
Greater Richmond Transit Company	2012
Greater Richmond Transit Company	2013
Greater Richmond Transit Company	2014
Greater Richmond Transit Company	2015
Green Rock Correctional Center	2006
Green Rock Correctional Center	2007
Green Rock Correctional Center	2008
Green Rock Correctional Center	2009
Green Rock Correctional Center	2010
Green Rock Correctional Center	2011
Green Rock Correctional Center	2012
Green Rock Correctional Center	2013
Green Rock Correctional Center	2014
Green Rock Correctional Center	2015
Greensville Correctional Center	2002
Greensville Correctional Center	2003
Greensville Correctional Center	2004
Greensville Correctional Center	2005
Greensville Correctional Center	2006
Greensville Correctional Center	2007
Greensville Correctional Center	2008
Greensville Correctional Center	2009
Greensville Correctional Center	2010
Greensville Correctional Center	2011
Greensville Correctional Center	2012
Greensville Correctional Center	2013
Greensville Correctional Center	2014
Greensville Correctional Center	2015
Gunston Hall	2002
Gunston Hall	2005
Gunston Hall	2006
Gunston Hall	2007
Gunston Hall	2008
Gunston Hall	2009
Gunston Hall	2010
Gunston Hall	2011
Gunston Hall	2012
Gunston Hall	2013
Gunston Hall	2014
Gunston Hall	2015
Hanover County	2013
Hanover County	2014
Hanover County	2015
Haynesville Correctional Center	2001
Haynesville Correctional Center	2002
Haynesville Correctional Center	2003
Haynesville Correctional Center	2004
Haynesville Correctional Center	2005
Haynesville Correctional Center	2006
Haynesville Correctional Center	2007
Haynesville Correctional Center	2008
Haynesville Correctional Center	2009
Haynesville Correctional Center	2010
Haynesville Correctional Center	2011
Haynesville Correctional Center	2012
Haynesville Correctional Center	2013
Haynesville Correctional Center	2014
Haynesville Correctional Center	2015
Henrico County Government	2007
Henrico County Government	2008
Henrico County Government	2009
Henrico County Government	2010
Henrico County Government	2011
Henrico County Government	2012
Henrico County Government	2013
Henrico County Government	2014
House of Delegates	2005
House of Delegates	2006
House of Delegates	2007
House of Delegates	2008
House of Delegates	2010
Indigent Defense Commission	2006
Indigent Defense Commission	2007
Indigent Defense Commission	2008
Indigent Defense Commission	2010
Indigent Defense Commission	2011
Indigent Defense Commission	2012
Indigent Defense Commission	2013
Indigent Defense Commission	2014
Indigent Defense Commission	2015
Indian Creek Correctional Center	2002
Indian Creek Correctional Center	2003
Indian Creek Correctional Center	2004
Indian Creek Correctional Center	2005
Indian Creek Correctional Center	2006
Indian Creek Correctional Center	2007
Indian Creek Correctional Center	2008
Indian Creek Correctional Center	2009
Indian Creek Correctional Center	2010
Indian Creek Correctional Center	2011
Indian Creek Correctional Center	2012
Indian Creek Correctional Center	2013
Indian Creek Correctional Center	2014
Indian Creek Correctional Center	2015
Innovation and Entrepreneurship Investment Authority	2005
Innovation and Entrepreneurship Investment Authority	2006
Innovation and Entrepreneurship Investment Authority	2008
Innovation and Entrepreneurship Investment Authority	2009
Innovation and Entrepreneurship Investment Authority	2010
Innovation and Entrepreneurship Investment Authority	2011
Innovation and Entrepreneurship Investment Authority	2012
Innovation and Entrepreneurship Investment Authority	2013
Innovation and Entrepreneurship Investment Authority	2014
Isle of Wight County Public Schools	2005
Isle of Wight County Public Schools	2006
Isle of Wight County Public Schools	2007
Isle of Wight County Public Schools	2010
Isle of Wight County Public Schools	2011
Isle of Wight County Public Schools	2012
James River Correctional Center	2002
James River Correctional Center	2005
James River Correctional Center	2006
James River Correctional Center	2007
James River Correctional Center	2008
James River Correctional Center	2009
James River Correctional Center	2010
James River Correctional Center	2011
James River Correctional Center	2012
James Madison University	2001
James Madison University	2002
James Madison University	2004
James Madison University	2005
James Madison University	2006
James Madison University	2007
James Madison University	2008
James Madison University	2009
James Madison University	2010
James Madison University	2011
James Madison University	2012
James Madison University	2013
James Madison University	2014
James Madison University	2015
Jamestown-Yorktown Foundation	2002
Jamestown-Yorktown Foundation	2004
Jamestown-Yorktown Foundation	2005
Jamestown-Yorktown Foundation	2006
Jamestown-Yorktown Foundation	2007
Jamestown-Yorktown Foundation	2008
Jamestown-Yorktown Foundation	2009
Jamestown-Yorktown Foundation	2010
Jamestown-Yorktown Foundation	2011
Jamestown-Yorktown Foundation	2012
Jamestown-Yorktown Foundation	2013
Jamestown-Yorktown Foundation	2014
Jamestown-Yorktown Foundation	2015
J. Sargeant Reynolds Community College	2002
J. Sargeant Reynolds Community College	2004
J. Sargeant Reynolds Community College	2005
J. Sargeant Reynolds Community College	2006
J. Sargeant Reynolds Community College	2007
J. Sargeant Reynolds Community College	2008
J. Sargeant Reynolds Community College	2009
J. Sargeant Reynolds Community College	2010
J. Sargeant Reynolds Community College	2011
J. Sargeant Reynolds Community College	2012
J. Sargeant Reynolds Community College	2013
J. Sargeant Reynolds Community College	2014
J. Sargeant Reynolds Community College	2015
John Tyler Community College	2001
John Tyler Community College	2002
John Tyler Community College	2005
John Tyler Community College	2006
John Tyler Community College	2007
John Tyler Community College	2008
John Tyler Community College	2009
John Tyler Community College	2010
John Tyler Community College	2011
John Tyler Community College	2012
John Tyler Community College	2013
John Tyler Community College	2014
John Tyler Community College	2015
Keen Mountain Correctional Center	2001
Keen Mountain Correctional Center	2002
Keen Mountain Correctional Center	2005
Keen Mountain Correctional Center	2006
Keen Mountain Correctional Center	2007
Keen Mountain Correctional Center	2008
Keen Mountain Correctional Center	2009
Keen Mountain Correctional Center	2010
Keen Mountain Correctional Center	2011
Keen Mountain Correctional Center	2012
Keen Mountain Correctional Center	2013
Keen Mountain Correctional Center	2014
Keen Mountain Correctional Center	2015
King George County	2009
King George County	2010
King George County	2011
King George County	2012
King George County	2013
King George County	2014
King George County	2015
King William Schools	2010
King William Schools	2014
Library of Virginia	2001
Library of Virginia	2002
Library of Virginia	2003
Library of Virginia	2004
Library of Virginia	2005
Library of Virginia	2006
Library of Virginia	2007
Library of Virginia	2008
Library of Virginia	2009
Library of Virginia	2010
Library of Virginia	2011
Library of Virginia	2012
Library of Virginia	2013
Library of Virginia	2014
Library of Virginia	2015
Lancaster Schools	2005
Louisa County	2015
Longwood University	2002
Longwood University	2003
Longwood University	2005
Longwood University	2006
Longwood University	2007
Longwood University	2008
Longwood University	2009
Longwood University	2010
Longwood University	2011
Longwood University	2012
Longwood University	2013
Longwood University	2014
Longwood University	2015
Lord Fairfax Community College	2001
Lord Fairfax Community College	2002
Lord Fairfax Community College	2005
Lord Fairfax Community College	2006
Lord Fairfax Community College	2007
Lord Fairfax Community College	2008
Lord Fairfax Community College	2009
Lord Fairfax Community College	2010
Lord Fairfax Community College	2011
Lord Fairfax Community College	2012
Lord Fairfax Community College	2013
Lord Fairfax Community College	2014
Lord Fairfax Community College	2015
Lunenburg Correctional Center	2001
Lunenburg Correctional Center	2002
Lunenburg Correctional Center	2005
Lunenburg Correctional Center	2006
Lunenburg Correctional Center	2007
Lunenburg Correctional Center	2008
Lunenburg Correctional Center	2009
Lunenburg Correctional Center	2010
Lunenburg Correctional Center	2011
Lunenburg Correctional Center	2012
Lunenburg Correctional Center	2013
Lunenburg Correctional Center	2014
Lunenburg Correctional Center	2015
Marine Resources Commission	2001
Marine Resources Commission	2002
Marine Resources Commission	2003
Marine Resources Commission	2004
Marine Resources Commission	2005
Marine Resources Commission	2006
Marine Resources Commission	2007
Marine Resources Commission	2008
Marine Resources Commission	2009
Marine Resources Commission	2010
Marine Resources Commission	2011
Marine Resources Commission	2012
Marine Resources Commission	2013
Marine Resources Commission	2014
Marine Resources Commission	2015
Marion Correctional Treatment Center	2002
Marion Correctional Treatment Center	2003
Marion Correctional Treatment Center	2005
Marion Correctional Treatment Center	2006
Marion Correctional Treatment Center	2007
Marion Correctional Treatment Center	2008
Marion Correctional Treatment Center	2009
Marion Correctional Treatment Center	2010
Marion Correctional Treatment Center	2011
Marion Correctional Treatment Center	2012
Marion Correctional Treatment Center	2013
Marion Correctional Treatment Center	2014
Marion Correctional Treatment Center	2015
Mecklenburg Correctional Center	2001
Mecklenburg Correctional Center	2002
Mecklenburg Correctional Center	2004
Mecklenburg Correctional Center	2005
Mecklenburg Correctional Center	2006
Mecklenburg Correctional Center	2007
Mecklenburg Correctional Center	2008
Mecklenburg Correctional Center	2009
Mecklenburg Correctional Center	2010
Mecklenburg Correctional Center	2011
Mecklenburg Correctional Center	2012
Motor Vehicle Dealer Board	2005
Motor Vehicle Dealer Board	2006
Motor Vehicle Dealer Board	2007
Motor Vehicle Dealer Board	2008
Motor Vehicle Dealer Board	2009
Motor Vehicle Dealer Board	2010
Motor Vehicle Dealer Board	2011
Motor Vehicle Dealer Board	2012
Motor Vehicle Dealer Board	2013
Motor Vehicle Dealer Board	2014
Motor Vehicle Dealer Board	2015
New College Institute	2006
New College Institute	2007
New College Institute	2008
New College Institute	2009
New College Institute	2010
New College Institute	2011
New College Institute	2012
New College Institute	2013
New College Institute	2014
Mountain Empire Community College	2001
Mountain Empire Community College	2002
Mountain Empire Community College	2004
Mountain Empire Community College	2005
Mountain Empire Community College	2006
Mountain Empire Community College	2007
Mountain Empire Community College	2008
Mountain Empire Community College	2009
Mountain Empire Community College	2010
Mountain Empire Community College	2011
Mountain Empire Community College	2012
Mountain Empire Community College	2013
Mountain Empire Community College	2014
Mountain Empire Community College	2015
New Kent County	2014
New Kent Schools	2005
New Kent Schools	2008
New Kent Schools	2009
New Kent Schools	2010
New Kent Schools	2013
New Kent Schools	2014
New River Community College	2001
New River Community College	2002
New River Community College	2005
New River Community College	2006
New River Community College	2007
New River Community College	2008
New River Community College	2009
New River Community College	2010
New River Community College	2011
New River Community College	2012
New River Community College	2013
New River Community College	2014
New River Community College	2015
Norfolk City Public Schools	2006
Norfolk City Public Schools	2007
Norfolk City Public Schools	2008
Norfolk City Public Schools	2009
Norfolk City Public Schools	2010
Norfolk City Public Schools	2011
Norfolk City Public Schools	2012
Norfolk City Public Schools	2013
Norfolk City Public Schools	2014
Norfolk City Public Schools	2015
Norfolk State University	2001
Norfolk State University	2002
Norfolk State University	2005
Norfolk State University	2006
Norfolk State University	2007
Norfolk State University	2008
Norfolk State University	2009
Norfolk State University	2010
Norfolk State University	2011
Norfolk State University	2012
Norfolk State University	2013
Norfolk State University	2014
Norfolk State University	2015
Norfolk Redevelopment Housing Authority	2009
Norfolk Redevelopment Housing Authority	2010
Norfolk Redevelopment Housing Authority	2011
Norfolk Redevelopment Housing Authority	2012
Norfolk Redevelopment Housing Authority	2013
Norfolk Redevelopment Housing Authority	2014
Northern Virginia Community College	2001
Northern Virginia Community College	2002
Northern Virginia Community College	2005
Northern Virginia Community College	2006
Northern Virginia Community College	2007
Northern Virginia Community College	2008
Northern Virginia Community College	2009
Northern Virginia Community College	2010
Northern Virginia Community College	2011
Northern Virginia Community College	2012
Northern Virginia Community College	2013
Northern Virginia Community College	2014
Northern Virginia Community College	2015
Northern Virginia Mental Health Institute	2002
Northern Virginia Mental Health Institute	2005
Northern Virginia Mental Health Institute	2006
Northern Virginia Mental Health Institute	2007
Northern Virginia Mental Health Institute	2008
Northern Virginia Mental Health Institute	2009
Northern Virginia Mental Health Institute	2010
Northern Virginia Mental Health Institute	2011
Northern Virginia Mental Health Institute	2012
Northern Virginia Mental Health Institute	2013
Northern Virginia Mental Health Institute	2014
Northern Virginia Mental Health Institute	2015
Northern Virginia Training Center	2001
Northern Virginia Training Center	2002
Northern Virginia Training Center	2004
Northern Virginia Training Center	2005
Northern Virginia Training Center	2006
Northern Virginia Training Center	2007
Northern Virginia Training Center	2008
Northern Virginia Training Center	2009
Northern Virginia Training Center	2010
Northern Virginia Training Center	2011
Northern Virginia Training Center	2012
Northern Virginia Training Center	2013
Northern Virginia Training Center	2014
Northern Virginia Training Center	2015
Nottoway Correctional Center	2001
Nottoway Correctional Center	2002
Nottoway Correctional Center	2004
Nottoway Correctional Center	2005
Nottoway Correctional Center	2006
Nottoway Correctional Center	2007
Nottoway Correctional Center	2008
Nottoway Correctional Center	2009
Nottoway Correctional Center	2010
Nottoway Correctional Center	2011
Nottoway Correctional Center	2012
Nottoway Correctional Center	2013
Nottoway Correctional Center	2014
Nottoway Correctional Center	2015
Office of Commonwealth Preparedness	2005
Office of Commonwealth Preparedness	2006
Office of Commonwealth Preparedness	2007
Office of Commonwealth Preparedness	2008
Office of Commonwealth Preparedness	2009
Office of Commonwealth Preparedness	2010
Office of Commonwealth Preparedness	2011
Office of Commonwealth Preparedness	2012
Office of the State Inspector General	2013
Office of the State Inspector General	2014
Office of the State Inspector General	2015
Office of the Attorney General	2002
Office of the Attorney General	2005
Office of the Attorney General	2006
Office of the Attorney General	2007
Office of the Attorney General	2008
Office of the Attorney General	2009
Office of the Attorney General	2010
Office of the Attorney General	2011
Office of the Attorney General	2012
Office of the Attorney General	2013
Office of the Attorney General	2014
Office of the Attorney General	2015
Old Dominion University	2002
Old Dominion University	2004
Old Dominion University	2005
Old Dominion University	2006
Old Dominion University	2007
Old Dominion University	2008
Old Dominion University	2009
Old Dominion University	2010
Old Dominion University	2011
Old Dominion University	2012
Old Dominion University	2013
Old Dominion University	2014
Old Dominion University	2015
Page County Public Schools	2006
Page County Public Schools	2008
Page County Public Schools	2009
Page County Public Schools	2010
Page County Public Schools	2011
Page County Public Schools	2012
Page County Public Schools	2013
Patrick Henry Community College	2001
Patrick Henry Community College	2002
Patrick Henry Community College	2003
Patrick Henry Community College	2004
Patrick Henry Community College	2005
Patrick Henry Community College	2006
Patrick Henry Community College	2007
Patrick Henry Community College	2008
Patrick Henry Community College	2009
Patrick Henry Community College	2010
Patrick Henry Community College	2011
Patrick Henry Community College	2012
Patrick Henry Community College	2013
Patrick Henry Community College	2014
Patrick Henry Community College	2015
Other eVA Localities	2001
Other eVA Localities	2002
Other eVA Localities	2005
Other eVA Localities	2006
Other eVA Localities	2007
Other eVA Localities	2008
Other eVA Localities	2009
Other eVA Localities	2010
Other eVA Localities	2011
Other eVA Localities	2012
Other eVA Localities	2013
Other eVA Localities	2014
Other eVA Localities	2015
Patrick Schools	2006
Patrick Schools	2007
Patrick Schools	2013
Paul D. Camp Community College	2001
Paul D. Camp Community College	2002
Paul D. Camp Community College	2005
Paul D. Camp Community College	2006
Paul D. Camp Community College	2007
Paul D. Camp Community College	2008
Paul D. Camp Community College	2009
Paul D. Camp Community College	2010
Paul D. Camp Community College	2011
Paul D. Camp Community College	2012
Paul D. Camp Community College	2013
Paul D. Camp Community College	2014
Paul D. Camp Community College	2015
Piedmont Regional Jail	2014
Piedmont Geriatric Hospital	2001
Piedmont Geriatric Hospital	2002
Piedmont Geriatric Hospital	2004
Piedmont Geriatric Hospital	2005
Piedmont Geriatric Hospital	2006
Piedmont Geriatric Hospital	2007
Piedmont Geriatric Hospital	2008
Piedmont Geriatric Hospital	2009
Piedmont Geriatric Hospital	2010
Piedmont Geriatric Hospital	2011
Piedmont Geriatric Hospital	2012
Piedmont Geriatric Hospital	2013
Piedmont Geriatric Hospital	2014
Piedmont Geriatric Hospital	2015
Piedmont VA Community College	2001
Piedmont VA Community College	2002
Piedmont VA Community College	2003
Piedmont VA Community College	2004
Piedmont VA Community College	2005
Piedmont VA Community College	2006
Piedmont VA Community College	2007
Piedmont VA Community College	2008
Piedmont VA Community College	2009
Piedmont VA Community College	2010
Piedmont VA Community College	2011
Piedmont VA Community College	2012
Piedmont VA Community College	2013
Piedmont VA Community College	2014
Piedmont VA Community College	2015
Pocahantas State Correctional Center	2006
Pocahantas State Correctional Center	2007
Pocahantas State Correctional Center	2008
Pocahantas State Correctional Center	2009
Pocahantas State Correctional Center	2010
Pocahantas State Correctional Center	2011
Pocahantas State Correctional Center	2012
Pocahantas State Correctional Center	2013
Pocahantas State Correctional Center	2014
Pocahantas State Correctional Center	2015
Portsmouth Public Schools	2014
Poquoson City Public Schools	2009
Poquoson City Public Schools	2010
Poquoson City Public Schools	2011
Poquoson City Public Schools	2012
Poquoson City Public Schools	2013
Poquoson City Public Schools	2014
Poquoson City Public Schools	2015
Powhatan County Public Schools	2010
Powhatan Correctional Center	2002
Powhatan Correctional Center	2003
Powhatan Correctional Center	2005
Powhatan Correctional Center	2006
Powhatan Correctional Center	2007
Powhatan Correctional Center	2008
Powhatan Correctional Center	2009
Powhatan Correctional Center	2010
Powhatan Correctional Center	2011
Powhatan Correctional Center	2012
Powhatan Correctional Center	2013
Powhatan Correctional Center	2014
Powhatan Correctional Center	2015
Prince William County Schools	2007
Prince William County Schools	2008
Prince William County Schools	2009
Prince William County Schools	2010
Prince William County Schools	2011
Prince William County Schools	2012
Prince William County Schools	2013
Prince William County Schools	2014
Radford University	2001
Radford University	2002
Radford University	2003
Radford University	2004
Radford University	2005
Radford University	2006
Radford University	2007
Radford University	2008
Radford University	2009
Radford University	2010
Radford University	2011
Radford University	2012
Radford University	2013
Radford University	2014
Radford University	2015
Red Onion Correctional Center	2001
Red Onion Correctional Center	2002
Red Onion Correctional Center	2003
Red Onion Correctional Center	2005
Red Onion Correctional Center	2006
Red Onion Correctional Center	2007
Red Onion Correctional Center	2008
Red Onion Correctional Center	2009
Red Onion Correctional Center	2010
Red Onion Correctional Center	2011
Red Onion Correctional Center	2012
Red Onion Correctional Center	2013
Red Onion Correctional Center	2014
Red Onion Correctional Center	2015
Rappahannock Community College	2001
Rappahannock Community College	2002
Rappahannock Community College	2005
Rappahannock Community College	2006
Rappahannock Community College	2007
Rappahannock Community College	2008
Rappahannock Community College	2009
Rappahannock Community College	2010
Rappahannock Community College	2011
Rappahannock Community College	2012
Rappahannock Community College	2013
Rappahannock Community College	2014
Rappahannock Community College	2015
Richmond Behavioral Health Authority	2012
Richmond Behavioral Health Authority	2013
Richmond Behavioral Health Authority	2014
Richmond Behavioral Health Authority	2015
Richard Bland College	2001
Richard Bland College	2002
Richard Bland College	2005
Richard Bland College	2006
Richard Bland College	2007
Richard Bland College	2008
Richard Bland College	2009
Richard Bland College	2010
Richard Bland College	2011
Richard Bland College	2012
Richard Bland College	2013
Richard Bland College	2014
Richard Bland College	2015
Richmond Redevelopment Housing Authority	2011
Richmond Redevelopment Housing Authority	2012
Richmond Redevelopment Housing Authority	2013
River North Correctional Center	2010
River North Correctional Center	2011
River North Correctional Center	2012
River North Correctional Center	2013
River North Correctional Center	2014
River North Correctional Center	2015
Roanoke Higher Education Authority	2005
Roanoke Higher Education Authority	2006
Roanoke Higher Education Authority	2007
Roanoke Higher Education Authority	2008
Rockbridge Area Community Services Board	2015
Science Museum of Virginia	2001
Science Museum of Virginia	2002
Science Museum of Virginia	2003
Science Museum of Virginia	2004
Science Museum of Virginia	2005
Science Museum of Virginia	2006
Science Museum of Virginia	2007
Science Museum of Virginia	2008
Science Museum of Virginia	2009
Science Museum of Virginia	2010
Science Museum of Virginia	2011
Science Museum of Virginia	2012
Science Museum of Virginia	2013
Science Museum of Virginia	2014
Science Museum of Virginia	2015
Secretary of Administration	2001
Secretary of Administration	2002
Secretary of Administration	2005
Secretary of Administration	2006
Secretary of Administration	2007
Secretary of Administration	2008
Secretary of Administration	2009
Secretary of Administration	2010
Secretary of Administration	2011
Secretary of Administration	2012
Secretary of Administration	2013
Secretary of Administration	2014
Secretary of Administration	2015
Senate of Virginia	2005
Senate of Virginia	2006
Sitter-Barfoot Veterans Care Center	2007
Sitter-Barfoot Veterans Care Center	2008
Sitter-Barfoot Veterans Care Center	2009
Sitter-Barfoot Veterans Care Center	2010
Sitter-Barfoot Veterans Care Center	2011
Sitter-Barfoot Veterans Care Center	2012
Sitter-Barfoot Veterans Care Center	2013
Sitter-Barfoot Veterans Care Center	2014
Sitter-Barfoot Veterans Care Center	2015
Southampton Correctional Center	2001
Southampton Correctional Center	2002
Southampton Correctional Center	2005
Southampton Correctional Center	2006
Southampton Correctional Center	2007
Southampton Correctional Center	2008
Southampton Correctional Center	2009
Southeastern Virginia Training Center	2001
Southeastern Virginia Training Center	2002
Southeastern Virginia Training Center	2003
Southeastern Virginia Training Center	2004
Southeastern Virginia Training Center	2005
Southeastern Virginia Training Center	2006
Southeastern Virginia Training Center	2007
Southeastern Virginia Training Center	2008
Southeastern Virginia Training Center	2009
Southeastern Virginia Training Center	2010
Southeastern Virginia Training Center	2011
Southeastern Virginia Training Center	2012
Southeastern Virginia Training Center	2013
Southeastern Virginia Training Center	2014
Southeastern Virginia Training Center	2015
Southern Virginia Higher Education	2005
Southern Virginia Higher Education	2006
Southern Virginia Higher Education	2007
Southern Virginia Higher Education	2008
Southern Virginia Higher Education	2009
Southern Virginia Higher Education	2010
Southern Virginia Higher Education	2011
Southern Virginia Higher Education	2012
Southern Virginia Higher Education	2013
Southern Virginia Higher Education	2014
Southern Virginia Higher Education	2015
Southern Virginia Mental Health Institute	2001
Southern Virginia Mental Health Institute	2002
Southern Virginia Mental Health Institute	2005
Southern Virginia Mental Health Institute	2006
Southern Virginia Mental Health Institute	2007
Southern Virginia Mental Health Institute	2008
Southern Virginia Mental Health Institute	2009
Southern Virginia Mental Health Institute	2010
Southern Virginia Mental Health Institute	2011
Southern Virginia Mental Health Institute	2012
Southern Virginia Mental Health Institute	2013
Southern Virginia Mental Health Institute	2014
Southern Virginia Mental Health Institute	2015
Southside Virginia Community College	2001
Southside Virginia Community College	2002
Southside Virginia Community College	2005
Southside Virginia Community College	2006
Southside Virginia Community College	2007
Southside Virginia Community College	2008
Southside Virginia Community College	2009
Southside Virginia Community College	2010
Southside Virginia Community College	2011
Southside Virginia Community College	2012
Southside Virginia Community College	2013
Southside Virginia Community College	2014
Southside Virginia Community College	2015
Southside Virginia Training Center	2001
Southside Virginia Training Center	2002
Southside Virginia Training Center	2005
Southside Virginia Training Center	2006
Southside Virginia Training Center	2007
Southside Virginia Training Center	2008
Southside Virginia Training Center	2009
Southside Virginia Training Center	2010
Southside Virginia Training Center	2011
Southside Virginia Training Center	2012
Southside Virginia Training Center	2013
Southside Virginia Training Center	2014
Southside Virginia Training Center	2015
Southwestern VA Mental Health Institute	2001
Southwestern VA Mental Health Institute	2002
Southwestern VA Mental Health Institute	2004
Southwestern VA Mental Health Institute	2005
Southwestern VA Mental Health Institute	2006
Southwestern VA Mental Health Institute	2007
Southwestern VA Mental Health Institute	2008
Southwestern VA Mental Health Institute	2009
Southwestern VA Mental Health Institute	2010
Southwestern VA Mental Health Institute	2011
Southwestern VA Mental Health Institute	2012
Southwestern VA Mental Health Institute	2013
Southwestern VA Mental Health Institute	2014
Southwestern VA Mental Health Institute	2015
Southwestern Virginia Training Center	2001
Southwestern Virginia Training Center	2002
Southwestern Virginia Training Center	2005
Southwestern Virginia Training Center	2006
Southwestern Virginia Training Center	2007
Southwestern Virginia Training Center	2008
Southwestern Virginia Training Center	2009
Southwestern Virginia Training Center	2010
Southwestern Virginia Training Center	2011
Southwestern Virginia Training Center	2012
Southwestern Virginia Training Center	2013
Southwestern Virginia Training Center	2014
Southwestern Virginia Training Center	2015
Southwest Virginia Community College	2001
Southwest Virginia Community College	2002
Southwest Virginia Community College	2004
Southwest Virginia Community College	2005
Southwest Virginia Community College	2006
Southwest Virginia Community College	2007
Southwest Virginia Community College	2008
Southwest Virginia Community College	2009
Southwest Virginia Community College	2010
Southwest Virginia Community College	2011
Southwest Virginia Community College	2012
Southwest Virginia Community College	2013
Southwest Virginia Community College	2014
Southwest Virginia Community College	2015
Southwest Virginia Higher Education Center	2002
Spotsylvania County Public Schools	2005
Spotsylvania County Public Schools	2006
Spotsylvania County Public Schools	2007
Spotsylvania County Public Schools	2008
Spotsylvania County Public Schools	2009
Spotsylvania County Public Schools	2010
Spotsylvania County Public Schools	2011
Spotsylvania County Public Schools	2012
Spotsylvania County Public Schools	2013
Spotsylvania County Public Schools	2014
Spotsylvania County Public Schools	2015
Stafford County	2013
Stafford County	2014
Stafford County	2015
State Board of Elections	2013
State Board of Elections	2014
State Compensation Board	2002
State Compensation Board	2005
State Compensation Board	2006
State Compensation Board	2007
State Compensation Board	2008
State Compensation Board	2009
State Compensation Board	2010
State Compensation Board	2011
State Compensation Board	2012
State Compensation Board	2013
State Compensation Board	2014
State Compensation Board	2015
State Corporation Commission	2009
State Corporation Commission	2011
State Corporation Commission	2012
State Corporation Commission	2013
State Corporation Commission	2014
State Council of Higher Education	2002
State Council of Higher Education	2005
State Council of Higher Education	2006
State Council of Higher Education	2007
State Council of Higher Education	2008
State Council of Higher Education	2009
State Council of Higher Education	2010
State Council of Higher Education	2011
State Council of Higher Education	2012
State Council of Higher Education	2013
State Council of Higher Education	2014
State Council of Higher Education	2015
State Milk Commission	2002
Staunton City Public Schools	2011
Staunton Correctional Center	2002
St. Brides Correctional Center	2002
St. Brides Correctional Center	2005
St. Brides Correctional Center	2006
St. Brides Correctional Center	2007
St. Brides Correctional Center	2008
St. Brides Correctional Center	2009
St. Brides Correctional Center	2010
St. Brides Correctional Center	2011
St. Brides Correctional Center	2012
St. Brides Correctional Center	2013
St. Brides Correctional Center	2014
St. Brides Correctional Center	2015
Suffolk Redevelopment Housing Authority	2014
Sussex Correctional Center I	2002
Sussex Correctional Center I	2003
Sussex Correctional Center I	2004
Sussex Correctional Center I	2005
Sussex Correctional Center I	2006
Sussex Correctional Center I	2007
Sussex Correctional Center I	2008
Sussex Correctional Center I	2009
Sussex Correctional Center I	2010
Sussex Correctional Center I	2011
Sussex Correctional Center I	2012
Sussex Correctional Center I	2013
Sussex Correctional Center I	2014
Sussex Correctional Center I	2015
Sussex State Prison II	2002
Sussex State Prison II	2004
Sussex State Prison II	2005
Sussex State Prison II	2006
Sussex State Prison II	2007
Sussex State Prison II	2008
Sussex State Prison II	2009
Sussex State Prison II	2010
Sussex State Prison II	2011
Sussex State Prison II	2012
Sussex State Prison II	2013
Sussex State Prison II	2014
Sussex State Prison II	2015
Thomas Nelson Community College	2001
Thomas Nelson Community College	2002
Thomas Nelson Community College	2005
Thomas Nelson Community College	2006
Thomas Nelson Community College	2007
Thomas Nelson Community College	2008
Thomas Nelson Community College	2009
Thomas Nelson Community College	2010
Thomas Nelson Community College	2011
Thomas Nelson Community College	2012
Thomas Nelson Community College	2013
Thomas Nelson Community College	2014
Thomas Nelson Community College	2015
Tidewater Community College	2001
Tidewater Community College	2002
Tidewater Community College	2005
Tidewater Community College	2006
Tidewater Community College	2007
Tidewater Community College	2008
Tidewater Community College	2009
Tidewater Community College	2010
Tidewater Community College	2011
Tidewater Community College	2012
Tidewater Community College	2013
Tidewater Community College	2014
Tidewater Community College	2015
Town of Leesburg	2010
Town of Leesburg	2011
Town of Leesburg	2012
Town of Leesburg	2013
Town of Leesburg	2014
University of Virginia	2001
University of Virginia	2002
University of Virginia	2004
University of Virginia	2005
University of Virginia	2006
University of Virginia	2007
University of Virginia	2008
University of Virginia	2009
University of Virginia	2010
University of Virginia	2011
University of Virginia	2012
University of Virginia	2013
University of Virginia	2014
University of Virginia	2015
VA Center for Behavioral Rehabilitation	2006
VA Center for Behavioral Rehabilitation	2007
VA Center for Behavioral Rehabilitation	2008
VA Center for Behavioral Rehabilitation	2009
VA Center for Behavioral Rehabilitation	2010
VA Center for Behavioral Rehabilitation	2011
VA Center for Behavioral Rehabilitation	2012
VA Center for Behavioral Rehabilitation	2013
VA Center for Behavioral Rehabilitation	2014
VA Center for Behavioral Rehabilitation	2015
University of Virginia - Wise	2002
University of Mary Washington	2002
University of Mary Washington	2005
University of Mary Washington	2006
University of Mary Washington	2007
University of Mary Washington	2008
University of Mary Washington	2009
University of Mary Washington	2010
University of Mary Washington	2011
University of Mary Washington	2012
University of Mary Washington	2013
University of Mary Washington	2014
University of Mary Washington	2015
Virginia Commission on Youth	2015
Virginia Correctional Center for Women	2002
Virginia Correctional Center for Women	2003
Virginia Correctional Center for Women	2005
Virginia Correctional Center for Women	2006
Virginia Correctional Center for Women	2007
Virginia Correctional Center for Women	2008
Virginia Correctional Center for Women	2009
Virginia Correctional Center for Women	2010
Virginia Correctional Center for Women	2011
Virginia Correctional Center for Women	2012
Virginia Correctional Center for Women	2013
Virginia Correctional Center for Women	2014
Virginia Correctional Center for Women	2015
Virginia Community College System - System Office	2001
Virginia Community College System - System Office	2002
Virginia Community College System - System Office	2005
Virginia Community College System - System Office	2006
Virginia Community College System - System Office	2007
Virginia Community College System - System Office	2008
Virginia Community College System - System Office	2009
Virginia Community College System - System Office	2010
Virginia Community College System - System Office	2011
Virginia Community College System - System Office	2012
Virginia Community College System - System Office	2013
Virginia Community College System - System Office	2014
Virginia Community College System - System Office	2015
Virginia Commonwealth University	2003
Virginia Commonwealth University	2004
Virginia Commonwealth University	2005
Virginia Commonwealth University	2006
Virginia Commonwealth University	2007
Virginia Commonwealth University	2008
Virginia Commonwealth University	2009
Virginia Commonwealth University	2010
Virginia Commonwealth University	2011
Virginia Commonwealth University	2012
Virginia Commonwealth University	2013
Virginia Commonwealth University	2014
Virginia Commonwealth University	2015
Virginia Department for the Aging	2001
Virginia Department for the Aging	2002
Virginia Department for the Aging	2005
Virginia Department for the Aging	2006
Virginia Department for the Aging	2007
Virginia Department for the Aging	2008
Virginia Department for the Aging	2009
Virginia Department for the Aging	2010
Virginia Department for the Aging	2011
Virginia Department for the Aging	2012
Virginia Department for Veterans Services	2005
Virginia Department for Veterans Services	2006
Virginia Department for Veterans Services	2007
Virginia Department for Veterans Services	2008
Virginia Department for Veterans Services	2009
Virginia Department for Veterans Services	2010
Virginia Department for Veterans Services	2011
Virginia Department for Veterans Services	2012
Virginia Department for Veterans Services	2013
Virginia Department for Veterans Services	2014
Virginia Department for Veterans Services	2015
Virginia Department for the Deaf and Hard-of-Hearing	2015
Virginia Department of Agriculture and Consumer Se	2001
Virginia Department of Agriculture and Consumer Se	2002
Virginia Department of Agriculture and Consumer Se	2004
Virginia Department of Agriculture and Consumer Se	2005
Virginia Department of Agriculture and Consumer Se	2006
Virginia Department of Agriculture and Consumer Se	2007
Virginia Department of Agriculture and Consumer Se	2008
Virginia Department of Agriculture and Consumer Se	2009
Virginia Department of Agriculture and Consumer Se	2010
Virginia Department of Agriculture and Consumer Se	2011
Virginia Department of Agriculture and Consumer Se	2012
Virginia Department of Agriculture and Consumer Se	2013
Virginia Department of Agriculture and Consumer Se	2014
Virginia Department of Agriculture and Consumer Se	2015
Virginia Department of Emergency Management	2001
Virginia Department of Emergency Management	2002
Virginia Department of Emergency Management	2005
Virginia Department of Emergency Management	2006
Virginia Department of Emergency Management	2007
Virginia Department of Emergency Management	2008
Virginia Department of Emergency Management	2009
Virginia Department of Emergency Management	2010
Virginia Department of Emergency Management	2011
Virginia Department of Emergency Management	2012
Virginia Department of Emergency Management	2013
Virginia Department of Emergency Management	2014
Virginia Department of Emergency Management	2015
Virginia Department of Transportation	2001
Virginia Department of Transportation	2002
Virginia Department of Transportation	2003
Virginia Department of Transportation	2004
Virginia Department of Transportation	2005
Virginia Department of Transportation	2006
Virginia Department of Transportation	2007
Virginia Department of Transportation	2008
Virginia Department of Transportation	2009
Virginia Department of Transportation	2010
Virginia Department of Transportation	2011
Virginia Department of Transportation	2012
Virginia Department of Transportation	2013
Virginia Department of Transportation	2014
Virginia Department of Transportation	2015
Virginia Department of Health	2001
Virginia Department of Health	2002
Virginia Department of Health	2003
Virginia Department of Health	2004
Virginia Department of Health	2005
Virginia Department of Health	2006
Virginia Department of Health	2007
Virginia Department of Health	2008
Virginia Department of Health	2009
Virginia Department of Health	2010
Virginia Department of Health	2011
Virginia Department of Health	2012
Virginia Department of Health	2013
Virginia Department of Health	2014
Virginia Department of Health	2015
Virginia Economic Development Partnership	2005
Virginia Economic Development Partnership	2006
Virginia Economic Development Partnership	2007
Virginia Economic Development Partnership	2008
Virginia Economic Development Partnership	2009
Virginia Economic Development Partnership	2010
Virginia Economic Development Partnership	2011
Virginia Economic Development Partnership	2012
Virginia Economic Development Partnership	2013
Virginia Economic Development Partnership	2014
Virginia Economic Development Partnership	2015
Virginia Employment Commission	2001
Virginia Employment Commission	2002
Virginia Employment Commission	2003
Virginia Employment Commission	2004
Virginia Employment Commission	2005
Virginia Employment Commission	2006
Virginia Employment Commission	2007
Virginia Employment Commission	2008
Virginia Employment Commission	2009
Virginia Employment Commission	2010
Virginia Employment Commission	2011
Virginia Employment Commission	2012
Virginia Employment Commission	2013
Virginia Employment Commission	2014
Virginia Employment Commission	2015
Virginia Highlands Community College	2001
Virginia Highlands Community College	2002
Virginia Highlands Community College	2005
Virginia Highlands Community College	2006
Virginia Highlands Community College	2007
Virginia Highlands Community College	2008
Virginia Highlands Community College	2009
Virginia Highlands Community College	2010
Virginia Highlands Community College	2011
Virginia Highlands Community College	2012
Virginia Highlands Community College	2013
Virginia Highlands Community College	2014
Virginia Highlands Community College	2015
Virginia Enterprise Applications Program Office	2008
Virginia Enterprise Applications Program Office	2009
Virginia Housing Development Authority	2008
Virginia Housing Development Authority	2009
Virginia Housing Development Authority	2010
Virginia Housing Development Authority	2011
Virginia Housing Development Authority	2015
Virginia Military Institute	2001
Virginia Military Institute	2002
Virginia Military Institute	2005
Virginia Military Institute	2006
Virginia Military Institute	2007
Virginia Military Institute	2008
Virginia Military Institute	2009
Virginia Military Institute	2010
Virginia Military Institute	2011
Virginia Military Institute	2012
Virginia Military Institute	2013
Virginia Military Institute	2014
Virginia Military Institute	2015
Virginia Museum of Fine Arts	2002
Virginia Museum of Fine Arts	2005
Virginia Museum of Fine Arts	2006
Virginia Museum of Fine Arts	2007
Virginia Museum of Fine Arts	2008
Virginia Museum of Fine Arts	2009
Virginia Museum of Fine Arts	2010
Virginia Museum of Fine Arts	2011
Virginia Museum of Fine Arts	2012
Virginia Museum of Fine Arts	2013
Virginia Museum of Fine Arts	2014
Virginia Museum of Fine Arts	2015
Virginia Information Technologies Agency	2005
Virginia Information Technologies Agency	2006
Virginia Information Technologies Agency	2007
Virginia Information Technologies Agency	2008
Virginia Information Technologies Agency	2009
Virginia Information Technologies Agency	2010
Virginia Information Technologies Agency	2011
Virginia Information Technologies Agency	2012
Virginia Information Technologies Agency	2013
Virginia Information Technologies Agency	2014
Virginia Information Technologies Agency	2015
Virginia Museum of Natural History	2001
Virginia Museum of Natural History	2002
Virginia Museum of Natural History	2005
Virginia Museum of Natural History	2006
Virginia Museum of Natural History	2007
Virginia Museum of Natural History	2008
Virginia Museum of Natural History	2009
Virginia Museum of Natural History	2010
Virginia Museum of Natural History	2011
Virginia Museum of Natural History	2012
Virginia Museum of Natural History	2013
Virginia Museum of Natural History	2014
Virginia Museum of Natural History	2015
Virginia Office for Protection and Advocacy	2002
Virginia Office for Protection and Advocacy	2005
Virginia Office for Protection and Advocacy	2011
Virginia Outdoors Foundation	2008
Virginia Outdoors Foundation	2009
Virginia Outdoors Foundation	2010
Virginia Outdoors Foundation	2011
Virginia Outdoors Foundation	2012
Virginia Outdoors Foundation	2013
Virginia Outdoors Foundation	2014
Virginia Polytechnic Institute and State Universit	2001
Virginia Polytechnic Institute and State Universit	2002
Virginia Polytechnic Institute and State Universit	2004
Virginia Polytechnic Institute and State Universit	2005
Virginia Polytechnic Institute and State Universit	2006
Virginia Polytechnic Institute and State Universit	2007
Virginia Polytechnic Institute and State Universit	2008
Virginia Polytechnic Institute and State Universit	2009
Virginia Polytechnic Institute and State Universit	2010
Virginia Polytechnic Institute and State Universit	2011
Virginia Polytechnic Institute and State Universit	2012
Virginia Polytechnic Institute and State Universit	2013
Virginia Polytechnic Institute and State Universit	2014
Virginia Polytechnic Institute and State Universit	2015
Virginia Port Authority	2005
Virginia Port Authority	2006
Virginia Port Authority	2007
Virginia Port Authority	2008
Virginia Port Authority	2009
Virginia Port Authority	2010
Virginia Port Authority	2011
Virginia Port Authority	2012
Virginia Port Authority	2013
Virginia Port Authority	2014
Virginia Port Authority	2015
Virginia Racing Commission	2005
Virginia Racing Commission	2006
Virginia Racing Commission	2007
Virginia Racing Commission	2008
Virginia Racing Commission	2009
Virginia Racing Commission	2010
Virginia Racing Commission	2011
Virginia Racing Commission	2012
Virginia Racing Commission	2013
Virginia Racing Commission	2014
Virginia Racing Commission	2015
Virginia Rehabilitation Center for the Blind	2001
Virginia Rehabilitation Center for the Blind	2002
Virginia Rehabilitation Center for the Blind	2003
Virginia Rehabilitation Center for the Blind	2005
Virginia Rehabilitation Center for the Blind	2006
Virginia Rehabilitation Center for the Blind	2007
Virginia Rehabilitation Center for the Blind	2008
Virginia Rehabilitation Center for the Blind	2009
Virginia Rehabilitation Center for the Blind	2010
Virginia Rehabilitation Center for the Blind	2011
Virginia Rehabilitation Center for the Blind	2012
Virginia School for the Deaf and Blind - Hampton	2001
Virginia School for the Deaf and Blind - Hampton	2002
Virginia School for the Deaf and Blind - Hampton	2005
Virginia School for the Deaf and Blind - Hampton	2006
Virginia School for the Deaf and Blind - Hampton	2007
Virginia School for the Deaf and Blind - Hampton	2008
Virginia School for the Deaf and Blind - Hampton	2009
Virginia State Bar	2008
Virginia State Bar	2009
Virginia State Bar	2010
Virginia State Bar	2011
Virginia State Bar	2012
Virginia State Bar	2013
Virginia State Bar	2014
Virginia State Bar	2015
Virginia School for the Deaf and the Blind	2002
Virginia School for the Deaf and the Blind	2003
Virginia School for the Deaf and the Blind	2004
Virginia School for the Deaf and the Blind	2005
Virginia School for the Deaf and the Blind	2006
Virginia School for the Deaf and the Blind	2007
Virginia School for the Deaf and the Blind	2008
Virginia School for the Deaf and the Blind	2009
Virginia School for the Deaf and the Blind	2010
Virginia School for the Deaf and the Blind	2011
Virginia School for the Deaf and the Blind	2012
Virginia School for the Deaf and the Blind	2013
Virginia School for the Deaf and the Blind	2014
Virginia School for the Deaf and the Blind	2015
Virginia State Lottery	2005
Virginia State Lottery	2006
Virginia State Lottery	2007
Virginia State Lottery	2008
Virginia State Lottery	2009
Virginia State Lottery	2010
Virginia State Lottery	2011
Virginia State Lottery	2012
Virginia State Lottery	2013
Virginia State Lottery	2014
Virginia State Lottery	2015
Virginia State Police	2001
Virginia State Police	2002
Virginia State Police	2003
Virginia State Police	2005
Virginia State Police	2006
Virginia State Police	2007
Virginia State Police	2008
Virginia State Police	2009
Virginia State Police	2010
Virginia State Police	2011
Virginia State Police	2012
Virginia State Police	2013
Virginia State Police	2014
Virginia State Police	2015
Virginia State University	2002
Virginia State University	2003
Virginia State University	2004
Virginia State University	2005
Virginia State University	2006
Virginia State University	2007
Virginia State University	2008
Virginia State University	2009
Virginia State University	2010
Virginia State University	2011
Virginia State University	2012
Virginia State University	2013
Virginia State University	2014
Virginia State University	2015
Virginia Tourism Corporation	2005
Virginia Tourism Corporation	2006
Virginia Tourism Corporation	2007
Virginia Tourism Corporation	2008
Virginia Tourism Corporation	2009
Virginia Tourism Corporation	2010
Virginia Tourism Corporation	2011
Virginia Tourism Corporation	2012
Virginia Tourism Corporation	2013
Virginia Tourism Corporation	2014
Virginia Tourism Corporation	2015
Virginia Veterans Care Center	2007
Virginia Veterans Care Center	2008
Virginia Veterans Care Center	2009
Virginia Veterans Care Center	2010
Virginia Veterans Care Center	2011
Virginia Veterans Care Center	2012
Virginia Veterans Care Center	2013
Virginia Veterans Care Center	2014
Virginia Veterans Care Center	2015
Virginia Western Community College	2001
Virginia Western Community College	2002
Virginia Western Community College	2005
Virginia Western Community College	2006
Virginia Western Community College	2007
Virginia Western Community College	2008
Virginia Western Community College	2009
Virginia Western Community College	2010
Virginia Western Community College	2011
Virginia Western Community College	2012
Virginia Western Community College	2013
Virginia Western Community College	2014
Virginia Western Community College	2015
Wallens Ridge Correctional Center	2001
Wallens Ridge Correctional Center	2002
Wallens Ridge Correctional Center	2005
Wallens Ridge Correctional Center	2006
Wallens Ridge Correctional Center	2007
Wallens Ridge Correctional Center	2008
Wallens Ridge Correctional Center	2009
Wallens Ridge Correctional Center	2010
Wallens Ridge Correctional Center	2011
Wallens Ridge Correctional Center	2012
Wallens Ridge Correctional Center	2013
Wallens Ridge Correctional Center	2014
Wallens Ridge Correctional Center	2015
VITA eVA Statewide	2005
VITA eVA Statewide	2006
VITA eVA Statewide	2007
VITA eVA Statewide	2008
VITA eVA Statewide	2009
VITA eVA Statewide	2010
VITA eVA Statewide	2011
VITA eVA Statewide	2012
VITA eVA Statewide	2013
VITA eVA Statewide	2014
VITA eVA Statewide	2015
Washington and Lee University	2014
Washington and Lee University	2015
Western State Hospital	2002
Western State Hospital	2004
Western State Hospital	2005
Western State Hospital	2006
Western State Hospital	2007
Western State Hospital	2008
Western State Hospital	2009
Western State Hospital	2010
Western State Hospital	2011
Western State Hospital	2012
Western State Hospital	2013
Western State Hospital	2014
Western State Hospital	2015
Williamsburg Area Transit Authority	2010
Winchester City Public Schools	2009
Winchester City Public Schools	2010
Winchester City Public Schools	2011
Winchester City Public Schools	2012
Winchester City Public Schools	2013
Winchester City Public Schools	2014
Woodrow Wilson Rehabilitation Center	2003
Woodrow Wilson Rehabilitation Center	2005
Woodrow Wilson Rehabilitation Center	2006
Woodrow Wilson Rehabilitation Center	2007
Woodrow Wilson Rehabilitation Center	2008
Woodrow Wilson Rehabilitation Center	2009
Woodrow Wilson Rehabilitation Center	2010
Woodrow Wilson Rehabilitation Center	2011
Woodrow Wilson Rehabilitation Center	2012
Woodrow Wilson Rehabilitation Center	2013
Woodrow Wilson Rehabilitation Center	2014
Woodrow Wilson Rehabilitation Center	2015
Workers Compensation Commission	2005
Workers Compensation Commission	2006
Workers Compensation Commission	2007
Workers Compensation Commission	2008
Workers Compensation Commission	2009
Workers Compensation Commission	2010
Workers Compensation Commission	2011
Workers Compensation Commission	2012
Workers Compensation Commission	2013
Workers Compensation Commission	2014
Workers Compensation Commission	2015
Workforce Council	2007
Workforce Council	2008
Wytheville Community College	2001
Wytheville Community College	2002
Wytheville Community College	2005
Wytheville Community College	2006
Wytheville Community College	2007
Wytheville Community College	2008
Wytheville Community College	2009
Wytheville Community College	2010
Wytheville Community College	2011
Wytheville Community College	2012
Wytheville Community College	2013
Wytheville Community College	2014
Wytheville Community College	2015
